<?xml version='1.0'?>
<module>
    <name>ColorizerApp</name>
    <label>Colorizer App</label>
    <type>extension</type>
    <version>1.0.0</version>
    <dependencies>
        <vtiger_version>7.1.0</vtiger_version>
    </dependencies>
    <license>
        <inline></inline>
    </license>
    <tables>
        <table>
            <name>colorizerconfig</name>
            <sql><![CDATA[CREATE TABLE `vtiger_colorizerconfig`(
                  `colorizerid` int(11) NOT NULL AUTO_INCREMENT,
                  `filtername` varchar(150) default NULL ,
                  `status` varchar(10) default NULL ,
                  `sourcemodule` varchar(100) default NULL ,
                  `relatedmodule` varchar(100) default NULL,
                  `userid` varchar(50) default NULL ,
                  `textcolor` varchar(100) default NULL ,
                  `bgcolor` varchar(100) default NULL ,
                  `deleted` varchar(3) default 0 ,
                  PRIMARY KEY (`colorizerid`)
              ) ENGINE=InnoDB DEFAULT CHARSET=utf8]]></sql>
        </table>
        <table>
            <name>colorizercondition</name>
            <sql><![CDATA[CREATE TABLE `vtiger_colorizercondition`(
                `colorizerid` int(11) NOT NULL,
                `columnname` varchar(150) default NULL ,
                `comparator` varchar(100) default NULL ,
                `columnvalue` varchar(100) default NULL ,
                `type` varchar(100) default NULL
              ) ENGINE=InnoDB DEFAULT CHARSET=utf8]]></sql>
        </table>
    </tables>
    <customlinks>
       <customlink>
           <linktype>HEADERSCRIPT</linktype>
           <linklabel>ColorizerApp</linklabel>
           <linkurl><![CDATA[modules/ColorizerApp/Relatedlistcolor.js]]></linkurl>
           <linkicon><![CDATA[]]></linkicon>
           <sequence>0</sequence>
           <handler_path><![CDATA[]]></handler_path>
           <handler_class><![CDATA[]]></handler_class>
           <handler><![CDATA[]]></handler>
       </customlink>
   </customlinks>
    <crons>
    </crons>
</module>