<?xml version='1.0'?>
<schema>
	<tables>
		<table>
			<name>colorizerconfig</name>
			<sql><![CDATA[CREATE TABLE IF NOT EXISTS `colorizerconfig` (
                  `uniqueid` int(11) NOT NULL,
                  `filtername` varchar(255) DEFAULT NULL,
                  `status` varchar(100) DEFAULT NULL,
                  `sourcemodulename` varchar(100) DEFAULT NULL,
                  `relatedmodulename` varchar(100) DEFAULT NULL,
                  `Userid` int(11) DEFAULT 0,
                  PRIMARY KEY (`uniqueid`)
                ) ENGINE=InnoDB DEFAULT CHARSET=utf8]]></sql>
		</table>
	</tables>
</schema>
